<top>
	<x>0</x>
	<y>0</y>
	<width>1</width>
	<height>10</height>
	<frames>1</frames>
</top>

<right>
	<x>16</x>
	<y>0</y>
	<width>10</width>
	<height>1</height>
	<frames>1</frames>
</right>

<bottom>
	<x>32</x>
	<y>0</y>
	<width>1</width>
	<height>10</height>
	<frames>1</frames>
</bottom>

<left>
	<x>48</x>
	<y>0</y>
	<width>10</width>
	<height>1</height>
	<frames>1</frames>
</left>

<topleft>
	<x>0</x>
	<y>16</y>
	<width>16</width>
	<height>16</height>
	<frames>1</frames>
</topleft>

<topright>
	<x>10</x>
	<y>16</y>
	<width>16</width>
	<height>16</height>
	<frames>1</frames>
</topright>

<bottomright>
	<x>20</x>
	<y>16</y>
	<width>16</width>
	<height>16</height>
	<frames>1</frames>
</bottomright>

<bottomleft>
	<x>30</x>
	<y>16</y>
	<width>16</width>
	<height>16</height>
	<frames>1</frames>
</bottomleft>

