<stand_n>
	<x>0</x>
	<y>0</y>
	<width>16</width>
	<height>16</height>
	<frames>1</frames>
</stand_n>

<stand_e>
	<x>16</x>
	<y>0</y>
	<width>16</width>
	<height>16</height>
	<frames>1</frames>
</stand_e>

<stand_s>
	<x>32</x>
	<y>0</y>
	<width>16</width>
	<height>16</height>
	<frames>1</frames>
</stand_s>

<stand_w>
	<x>48</x>
	<y>0</y>
	<width>16</width>
	<height>16</height>
	<frames>1</frames>
</stand_w>

<walk_n>
	<x>0</x>
	<y>16</y>
	<width>16</width>
	<height>16</height>
	<frames>2</frames>
	<delays>
		<0>250</0>
		<1>250</1>
	</delays>
</walk_n>

<walk_e>
	<x>0</x>
	<y>32</y>
	<width>16</width>
	<height>16</height>
	<frames>2</frames>
	<delays>
		<0>250</0>
		<1>250</1>
	</delays>
</walk_e>

<walk_s>
	<x>0</x>
	<y>48</y>
	<width>16</width>
	<height>16</height>
	<frames>2</frames>
	<delays>
		<0>250</0>
		<1>250</1>
	</delays>
</walk_s>

<walk_w>
	<x>0</x>
	<y>64</y>
	<width>16</width>
	<height>16</height>
	<frames>2</frames>
	<delays>
		<0>250</0>
		<1>250</1>
	</delays>
</walk_w>

<prepare>
	<x>0</x>
	<y>16</y>
	<width>16</width>
	<height>16</height>
	<frames>2</frames>
	<delays>
		<0>150</0>
		<1>150</1>
	</delays>
</prepare>

