<stand_n>
	<x>0</x>
	<y>0</y>
	<width>16</width>
	<height>16</height>
	<frames>1</frames>
</stand_n>

<stand_e>
	<x>16</x>
	<y>0</y>
	<width>16</width>
	<height>16</height>
	<frames>1</frames>
</stand_e>

<stand_s>
	<x>32</x>
	<y>0</y>
	<width>16</width>
	<height>16</height>
	<frames>1</frames>
</stand_s>

<stand_w>
	<x>48</x>
	<y>0</y>
	<width>16</width>
	<height>16</height>
	<frames>1</frames>
</stand_w>

<walk_n>
	<x>0</x>
	<y>16</y>
	<width>16</width>
	<height>16</height>
	<frames>2</frames>
	<delays>
		<0>250</0>
		<1>250</1>
	</delays>
</walk_n>

<walk_e>
	<x>0</x>
	<y>32</y>
	<width>16</width>
	<height>16</height>
	<frames>2</frames>
	<delays>
		<0>250</0>
		<1>250</1>
	</delays>
</walk_e>

<walk_s>
	<x>0</x>
	<y>48</y>
	<width>16</width>
	<height>16</height>
	<frames>2</frames>
	<delays>
		<0>250</0>
		<1>250</1>
	</delays>
</walk_s>

<walk_w>
	<x>0</x>
	<y>64</y>
	<width>16</width>
	<height>16</height>
	<frames>2</frames>
	<delays>
		<0>250</0>
		<1>250</1>
	</delays>
</walk_w>

<mushroom_stand_n>
	<x>0</x>
	<y>80</y>
	<width>16</width>
	<height>16</height>
	<frames>1</frames>
</mushroom_stand_n>

<mushroom_stand_e>
	<x>16</x>
	<y>80</y>
	<width>16</width>
	<height>16</height>
	<frames>1</frames>
</mushroom_stand_e>

<mushroom_stand_s>
	<x>32</x>
	<y>80</y>
	<width>16</width>
	<height>16</height>
	<frames>1</frames>
</mushroom_stand_s>

<mushroom_stand_w>
	<x>48</x>
	<y>80</y>
	<width>16</width>
	<height>16</height>
	<frames>1</frames>
</mushroom_stand_w>

<mushroom_walk_n>
	<x>0</x>
	<y>96</y>
	<width>16</width>
	<height>16</height>
	<frames>2</frames>
	<delays>
		<0>250</0>
		<1>250</1>
	</delays>
</mushroom_walk_n>

<mushroom_walk_e>
	<x>0</x>
	<y>112</y>
	<width>16</width>
	<height>16</height>
	<frames>2</frames>
	<delays>
		<0>250</0>
		<1>250</1>
	</delays>
</mushroom_walk_e>

<mushroom_walk_s>
	<x>0</x>
	<y>128</y>
	<width>16</width>
	<height>16</height>
	<frames>2</frames>
	<delays>
		<0>250</0>
		<1>250</1>
	</delays>
</mushroom_walk_s>

<mushroom_walk_w>
	<x>0</x>
	<y>144</y>
	<width>16</width>
	<height>16</height>
	<frames>2</frames>
	<delays>
		<0>250</0>
		<1>250</1>
	</delays>
</mushroom_walk_w>

<mushroom_shrug>
	<x>0</x>
	<y>160</y>
	<width>16</width>
	<height>16</height>
	<frames>1</frames>
</mushroom_shrug>

<mushroom_pant>
	<x>0</x>
	<y>176</y>
	<width>16</width>
	<height>16</height>
	<frames>2</frames>
	<delays>
		<0>500</0>
		<1>500</1>
	</delays>
</mushroom_pant>

<unconscious>
	<x>0</x>
	<y>192</y>
	<width>16</width>
	<height>16</height>
	<frames>1</frames>
</unconscious>

<hurt>
	<x>0</x>
	<y>208</y>
	<width>16</width>
	<height>16</height>
	<frames>1</frames>
</hurt>

<sleep>
	<x>0</x>
	<y>224</y>
	<width>16</width>
	<height>16</height>
	<frames>1</frames>
</sleep>

<sleep_floor>
	<x>0</x>
	<y>240</y>
	<width>16</width>
	<height>16</height>
	<frames>2</frames>
	<delays>
		<0>500</0>
		<1>500</0>
	</delays>
</sleep_floor>

