<smoke>
	<x>0</x>
	<y>0</y>
	<width>16</width>
	<height>16</height>
	<frames>2</frames>
	<delays>
		<0>300</0>
		<1>300</1>
	</delays>
</smoke>

<stand_s>
	<x>0</x>
	<y>16</y>
	<width>16</width>
	<height>16</height>
	<frames>1</frames>
</stand_s>


<hands_up>
	<x>0</x>
	<y>32</y>
	<width>16</width>
	<height>16</height>
	<frames>1</frames>
</hands_up>


<passed_out>
	<x>0</x>
	<y>48</y>
	<width>16</width>
	<height>16</height>
	<frames>2</frames>
	<delays>
		<0>1000</0>
		<1>1000</0>
	</delays>
</passed_out>

<dead>
	<x>0</x>
	<y>64</y>
	<width>16</width>
	<height>16</height>
	<frames>1</frames>
</dead>

<stand_n>
	<x>0</x>
	<y>80</y>
	<width>16</width>
	<height>16</height>
	<frames>1</frames>
</stand_n>

<stand_e>
	<x>16</x>
	<y>80</y>
	<width>16</width>
	<height>16</height>
	<frames>1</frames>
</stand_e>

<stand_s>
	<x>32</x>
	<y>80</y>
	<width>16</width>
	<height>16</height>
	<frames>1</frames>
</stand_s>

<stand_w>
	<x>48</x>
	<y>80</y>
	<width>16</width>
	<height>16</height>
	<frames>1</frames>
</stand_w>

<walk_n>
	<x>0</x>
	<y>96</y>
	<width>16</width>
	<height>16</height>
	<frames>2</frames>
	<delays>
		<0>250</0>
		<1>250</1>
	</delays>
</walk_n>

<walk_e>
	<x>0</x>
	<y>112</y>
	<width>16</width>
	<height>16</height>
	<frames>2</frames>
	<delays>
		<0>250</0>
		<1>250</1>
	</delays>
</walk_e>

<walk_s>
	<x>0</x>
	<y>128</y>
	<width>16</width>
	<height>16</height>
	<frames>2</frames>
	<delays>
		<0>250</0>
		<1>250</1>
	</delays>
</walk_s>

<walk_w>
	<x>0</x>
	<y>144</y>
	<width>16</width>
	<height>16</height>
	<frames>2</frames>
	<delays>
		<0>250</0>
		<1>250</1>
	</delays>
</walk_w>

<dead_arrow>
	<x>0</x>
	<y>160</y>
	<width>16</width>
	<height>16</height>
	<frames>1</frames>
</dead_arrow>


