<0>
	<x>0</x>
	<y>0</y>
	<width>8</width>
	<height>8</height>
	<frames>4</frames>
	<delays>
		<0>200</0>
		<1>200</1>
		<2>200</2>
		<3>200</3>
	</delays>
</0>
<1>
	<x>0</x>
	<y>8</y>
	<width>8</width>
	<height>8</height>
	<frames>4</frames>
	<delays>
		<0>200</0>
		<1>200</1>
		<2>200</2>
		<3>200</3>
	</delays>
</1>
<2>
	<x>0</x>
	<y>16</y>
	<width>8</width>
	<height>8</height>
	<frames>4</frames>
	<delays>
		<0>200</0>
		<1>200</1>
		<2>200</2>
		<3>200</3>
	</delays>
</2>
<3>
	<x>0</x>
	<y>24</y>
	<width>8</width>
	<height>8</height>
	<frames>4</frames>
	<delays>
		<0>200</0>
		<1>200</1>
		<2>200</2>
		<3>200</3>
	</delays>
</3>
