<stand>
	<x>0</x>
	<y>0</y>
	<width>42</width>
	<height>35</height>
	<frames>1</frames>
</stand>


<cast1>
	<looping>false</looping>
	<x>42</x>
	<y>0</y>
	<width>42</width>
	<height>35</height>
	<frames>5</frames>
	<delays>
		<0>100</0>
		<1>500</1>
		<2>100</2>
		<3>100</3>
		<4>100</4>
	</delays>
</cast1>

<cast2>
	<looping>false</looping>
	<x>252</x>
	<y>0</y>
	<width>42</width>
	<height>35</height>
	<frames>2</frames>
	<delays>
		<0>100</0>
		<1>300</0>
	</delays>
</cast2>


