<stand>
	<x>0</x>
	<y>0</y>
	<width>48</width>
	<height>56</height>
	<frames>4</frames>
	<delays>
		<0>150</0>
		<1>150</1>
		<2>150</2>
		<3>150</3>
	</delays>
</stand>

<cast>
	<looping>false</looping>
	<x>0</x>
	<y>56</y>
	<width>48</width>
	<height>56</height>
	<frames>3</frames>
	<delays>
		<0>150</0>
		<1>150</1>
		<2>150</2>
	</delays>
</cast>

<defend>
	<looping>false</looping>
	<x>0</x>
	<y>112</y>
	<width>48</width>
	<height>56</height>
	<frames>3</frames>
	<delays>
		<0>150</0>
		<1>150</1>
		<2>150</2>
	</delays>
</defend>

<attack>
	<looping>false</looping>
	<x>0</x>
	<y>168</y>
	<width>48</width>
	<height>56</height>
	<frames>3</frames>
	<delays>
		<0>200</0>
		<1>200</1>
		<2>200</2>
	</delays>
</attack>

