<stand>
	<loop_mode>pingpong</loop_mode>
	<x>0</x>
	<y>0</y>
	<width>88</width>
	<height>94</height>
	<frames>3</frames>
	<delays>
		<0>3000</0>
		<1>150</1>
		<2>150</2>
	</delays>
</stand>

<puke>
	<tag>DoNotWaitForAnimationToFinish</tag>
	<looping>false</looping>
	<x>0</x>
	<y>94</y>
	<width>88</width>
	<height>94</height>
	<frames>7</frames>
	<delays>
		<0>300</0>
		<1>300</1>
		<2>300</2>
		<3>300</3>
		<4>150</4>
		<5>2000</5>
		<6>150</6>
	</delays>
</puke>

<swallow>
	<tag>DoNotWaitForAnimationToFinish</tag>
	<looping>false</looping>
	<x>0</x>
	<y>188</y>
	<width>88</width>
	<height>94</height>
	<frames>2</frames>
	<delays>
		<0>800</0>
		<1>150</1>
	</delays>
</swallow>

<acid>
	<tag>DoNotWaitForAnimationToFinish</tag>
	<looping>false</looping>
	<x>0</x>
	<y>282</y>
	<width>88</width>
	<height>94</height>
	<frames>2</frames>
	<delays>
		<0>150</0>
		<1>150</1>
	</delays>
</acid>

<attack>
	<looping>false</looping>
	<x>0</x>
	<y>376</y>
	<width>88</width>
	<height>94</height>
	<frames>5</frames>
	<delays>
		<0>120</0>
		<1>120</1>
		<2>120</2>
		<3>120</3>
		<4>120</4>
	</delays>
</attack>

<full>
	<x>0</x>
	<y>470</y>
	<width>88</width>
	<height>94</height>
	<frames>1</frames>
</full>
